<application>
  <component name="PyTestFrameworkService">
    <option name="SDK_TO_PYTEST">
      <map>
        <entry key="C:\Users\HytonightYX\AppData\Local\Programs\Python\Python36\python.exe" value="false" />
      </map>
    </option>
    <option name="SDK_TO_NOSETEST">
      <map>
        <entry key="C:\Users\HytonightYX\AppData\Local\Programs\Python\Python36\python.exe" value="false" />
      </map>
    </option>
    <option name="SDK_TO_TRIALTEST">
      <map>
        <entry key="C:\Users\HytonightYX\AppData\Local\Programs\Python\Python36\python.exe" value="true" />
      </map>
    </option>
  </component>
</application>